Workbook

Sheet Raw Data
A1: First Name | B1: Last Name | C1: transaction
A2: nooeukw | B2: uuoaklowalb | C2: {'tx_id': '5ed3d67b8723c11444c43283', 'tx_date': '2020-06-13T05:28:47.543000Z', 'tx_amount': 6192, 'tx_mode': 'Debit', 'tx_channel': 'web', 'bank_name': 'QBank', 'dob': ['1992-11-10 00:00:00']}
A3: angulbo | B3: seagn | C3: {'tx_id': '5ed3d67b8723c11444c43283', 'tx_date': '2020-06-12T20:22:38.986000Z', 'tx_amount': 38445, 'tx_mode': 'Debit', 'tx_channel': 'mobile', 'bank_name': 'ABank', 'dob': ['n/a']}
A4: dukowi | B4: eukloomja | C4: {'tx_id': '5ed3d67b8723c11444c43283', 'tx_date': '2020-06-13T06:00:46.904000Z', 'tx_amount': 29627, 'tx_mode': 'Debit', 'tx_channel': 'mobile', 'bank_name': 'GBank', 'dob': ['1992-01-01 00:00:00']}
A5: ltuoawiob | B5: uuilawobmn | C5: {'tx_id': '5ed3d67b8723c11444c43283', 'tx_date': '2020-06-13T16:10:51.479000Z', 'tx_amount': 27791, 'tx_mode': 'Debit', 'tx_channel': 'web', 'bank_name': 'KBank', 'dob': ['1981-01-07 00:00:00']}
A6: nakuolo | B6: donald | C6: {'tx_id': '5ed3d67b8723c11444c43283', 'tx_date': '2020-06-13T05:28:47.543000Z', 'tx_amount': 6192, 'tx_mode': 'Debit', 'tx_channel': 'web', 'bank_name': 'QBank', 'dob': ['n/a']}
A7: juagn | B7: ahcnaiz | C7: {'tx_id': '5ed3d67b8723c11444c43283', 'tx_date': '2020-06-12T20:22:38.986000Z', 'tx_amount': 38445, 'tx_mode': 'Debit', 'tx_channel': 'mobile', 'bank_name': 'ABank', 'dob': ['1980-11-22 00:00:00']}
A8: eykeneowj | B8: ijutdh | C8: {'tx_id': '5ed3d67b8723c11444c43283', 'tx_date': '2020-06-13T06:00:46.904000Z', 'tx_amount': 29627, 'tx_mode': 'Debit', 'tx_channel': 'mobile', 'bank_name': 'GBank', 'dob': ['1998-08-20 00:00:00']}
A9: ellbo | B9: sasahn | C9: {'tx_id': '5ed3d67b8723c11444c43283', 'tx_date': '2020-06-13T16:10:51.479000Z', 'tx_amount': 27791, 'tx_mode': 'Debit', 'tx_channel': 'web', 'bank_name': 'KBank', 'dob': ['1976-12-12 00:00:00']}
A10: ooadelb | B10: ruktam | C10: {'tx_id': '5ed3d67b8723c11444c43283', 'tx_date': '2020-06-13T05:28:47.543000Z', 'tx_amount': 6192, 'tx_mode': 'Debit', 'tx_channel': 'web', 'bank_name': 'QBank', 'dob': ['1976-12-12 00:00:00']}
A11: ali | B11: grgniir kaeouakn | C11: {'tx_id': '5ed3d67b8723c11444c43283', 'tx_date': '2020-06-12T20:22:38.986000Z', 'tx_amount': 38445, 'tx_mode': 'Debit', 'tx_channel': 'mobile', 'bank_name': 'ABank', 'dob': ['n/a']}
A12: ial | B12: ubykua | C12: {'tx_id': '5ed3d67b8723c11444c43283', 'tx_date': '2020-06-13T06:00:46.904000Z', 'tx_amount': 29627, 'tx_mode': 'Debit', 'tx_channel': 'mobile', 'bank_name': 'GBank', 'dob': ['n/a']}
... A128: oin | B128: oedpum | C128: {'tx_id': '5ed3d67b8723c11444c43283', 'tx_date': '2020-06-13T06:00:46.904000Z', 'tx_amount': 29627, 'tx_mode': 'Debit', 'tx_channel': 'mobile', 'bank_name': 'GBank', 'dob': ['n/a']}

Sheet Cleaned Data
A1: Record ID | B1: First Name | C1: Last Name | D1: Full Name | E1: DOB | F1: Age | G1: Age Band | H1: Source Tx ID | I1: Tx Date | J1: Tx Time | K1: Tx Hour | L1: Tx Amount | M1: Tx Mode | N1: Tx Channel | O1: Bank | P1: Transaction Key
A2: 1 | B2: Nooeukw | C2: Uuoaklowalb | D2: Nooeukw Uuoaklowalb | E2: 1992-11-10 | F2: 28 | G2: Under 30 | H2: 5ed3d67b8723c11444c43283 | I2: 2020-06-13 | J2: 05:28:47 | K2: 5 | L2: 6192 | M2: Debit | N2: web | O2: QBank | P2: 2020-06-13|6192|QBank
A3: 2 | B3: Angulbo | C3: Seagn | D3: Angulbo Seagn | G3: Unknown | H3: 5ed3d67b8723c11444c43283 | I3: 2020-06-12 | J3: 20:22:38 | K3: 20 | L3: 38445 | M3: Debit | N3: mobile | O3: ABank | P3: 2020-06-12|38445|ABank
A4: 3 | B4: Dukowi | C4: Eukloomja | D4: Dukowi Eukloomja | E4: 1992-01-01 | F4: 28 | G4: Under 30 | H4: 5ed3d67b8723c11444c43283 | I4: 2020-06-13 | J4: 06:00:46 | K4: 6 | L4: 29627 | M4: Debit | N4: mobile | O4: GBank | P4: 2020-06-13|29627|GBank
A5: 4 | B5: Ltuoawiob | C5: Uuilawobmn | D5: Ltuoawiob Uuilawobmn | E5: 1981-01-07 | F5: 39 | G5: 30-39 | H5: 5ed3d67b8723c11444c43283 | I5: 2020-06-13 | J5: 16:10:51 | K5: 16 | L5: 27791 | M5: Debit | N5: web | O5: KBank | P5: 2020-06-13|27791|KBank
A6: 5 | B6: Nakuolo | C6: Donald | D6: Nakuolo Donald | G6: Unknown | H6: 5ed3d67b8723c11444c43283 | I6: 2020-06-13 | J6: 05:28:47 | K6: 5 | L6: 6192 | M6: Debit | N6: web | O6: QBank | P6: 2020-06-13|6192|QBank
A7: 6 | B7: Juagn | C7: Ahcnaiz | D7: Juagn Ahcnaiz | E7: 1980-11-22 | F7: 40 | G7: 40-49 | H7: 5ed3d67b8723c11444c43283 | I7: 2020-06-12 | J7: 20:22:38 | K7: 20 | L7: 38445 | M7: Debit | N7: mobile | O7: ABank | P7: 2020-06-12|38445|ABank
A8: 7 | B8: Eykeneowj | C8: Ijutdh | D8: Eykeneowj Ijutdh | E8: 1998-08-20 | F8: 22 | G8: Under 30 | H8: 5ed3d67b8723c11444c43283 | I8: 2020-06-13 | J8: 06:00:46 | K8: 6 | L8: 29627 | M8: Debit | N8: mobile | O8: GBank | P8: 2020-06-13|29627|GBank
A9: 8 | B9: Ellbo | C9: Sasahn | D9: Ellbo Sasahn | E9: 1976-12-12 | F9: 44 | G9: 40-49 | H9: 5ed3d67b8723c11444c43283 | I9: 2020-06-13 | J9: 16:10:51 | K9: 16 | L9: 27791 | M9: Debit | N9: web | O9: KBank | P9: 2020-06-13|27791|KBank
A10: 9 | B10: Ooadelb | C10: Ruktam | D10: Ooadelb Ruktam | E10: 1976-12-12 | F10: 44 | G10: 40-49 | H10: 5ed3d67b8723c11444c43283 | I10: 2020-06-13 | J10: 05:28:47 | K10: 5 | L10: 6192 | M10: Debit | N10: web | O10: QBank | P10: 2020-06-13|6192|QBank
A11: 10 | B11: Ali | C11: Grgniir Kaeouakn | D11: Ali Grgniir Kaeouakn | G11: Unknown | H11: 5ed3d67b8723c11444c43283 | I11: 2020-06-12 | J11: 20:22:38 | K11: 20 | L11: 38445 | M11: Debit | N11: mobile | O11: ABank | P11: 2020-06-12|38445|ABank
A12: 11 | B12: Ial | C12: Ubykua | D12: Ial Ubykua | G12: Unknown | H12: 5ed3d67b8723c11444c43283 | I12: 2020-06-13 | J12: 06:00:46 | K12: 6 | L12: 29627 | M12: Debit | N12: mobile | O12: GBank | P12: 2020-06-13|29627|GBank
A13: 12 | B13: Owjoloaur | C13: Eaoltse | D13: Owjoloaur Eaoltse | G13: Unknown | H13: 5ed3d67b8723c11444c43283 | I13: 2020-06-13 | J13: 16:10:51 | K13: 16 | L13: 27791 | M13: Debit | N13: web | O13: KBank | P13: 2020-06-13|27791|KBank
A14: 13 | B14: Boadigasm | C14: Hycknouwyeniu | D14: Boadigasm Hycknouwyeniu | G14: Unknown | H14: 5ed3d67b8723c11444c43283 | I14: 2020-06-13 | J14: 05:28:47 | K14: 5 | L14: 6192 | M14: Debit | N14: web | O14: QBank | P14: 2020-06-13|6192|QBank
A15: 14 | B15: Ywmuia | C15: Oaeuld Omyiosalnfula | D15: Ywmuia Oaeuld Omyiosalnfula | E15: 1984-06-13 | F15: 36 | G15: 30-39 | H15: 5ed3d67b8723c11444c43283 | I15: 2020-06-12 | J15: 20:22:38 | K15: 20 | L15: 38445 | M15: Debit | N15: mobile | O15: ABank | P15: 2020-06-12|38445|ABank
A16: 15 | B16: Owug | C16: Fuatas | D16: Owug Fuatas | G16: Unknown | H16: 5ed3d67b8723c11444c43283 | I16: 2020-06-13 | J16: 06:00:46 | K16: 6 | L16: 29627 | M16: Debit | N16: mobile | O16: GBank | P16: 2020-06-13|29627|GBank
A17: 16 | B17: Eaeodkg | C17: Nloadd | D17: Eaeodkg Nloadd | G17: Unknown | H17: 5ed3d67b8723c11444c43283 | I17: 2020-06-13 | J17: 16:10:51 | K17: 16 | L17: 27791 | M17: Debit | N17: web | O17: KBank | P17: 2020-06-13|27791|KBank
A18: 17 | B18: Adyuns | C18: Naczhai | D18: Adyuns Naczhai | G18: Unknown | H18: 5ed3d67b8723c11444c43283 | I18: 2020-06-13 | J18: 05:28:47 | K18: 5 | L18: 6192 | M18: Debit | N18: web | O18: QBank | P18: 2020-06-13|6192|QBank
A19: 18 | B19: Aiblnafoa | C19: Ollutoep | D19: Aiblnafoa Ollutoep | G19: Unknown | H19: 5ed3d67b8723c11444c43283 | I19: 2020-06-12 | J19: 20:22:38 | K19: 20 | L19: 38445 | M19: Debit | N19: mobile | O19: ABank | P19: 2020-06-12|38445|ABank
A20: 19 | B20: Dokeay | C20: Egesr Jmumoan | D20: Dokeay Egesr Jmumoan | G20: Unknown | H20: 5ed3d67b8723c11444c43283 | I20: 2020-06-13 | J20: 06:00:46 | K20: 6 | L20: 29627 | M20: Debit | N20: mobile | O20: GBank | P20: 2020-06-13|29627|GBank
A21: 20 | B21: E Okowuhoonw | C21: Izahbteel | D21: E Okowuhoonw Izahbteel | G21: Unknown | H21: 5ed3d67b8723c11444c43283 | I21: 2020-06-13 | J21: 16:10:51 | K21: 16 | L21: 27791 | M21: Debit | N21: web | O21: KBank | P21: 2020-06-13|27791|KBank
A22: 21 | B22: Imawinuk | C22: Iadmil | D22: Imawinuk Iadmil | G22: Unknown | H22: 5ed3d67b8723c11444c43283 | I22: 2020-06-13 | J22: 05:28:47 | K22: 5 | L22: 6192 | M22: Debit | N22: web | O22: QBank | P22: 2020-06-13|6192|QBank
A23: 22 | B23: Kroow | C23: Odqis | D23: Kroow Odqis | G23: Unknown | H23: 5ed3d67b8723c11444c43283 | I23: 2020-06-12 | J23: 20:22:38 | K23: 20 | L23: 38445 | M23: Debit | N23: mobile | O23: ABank | P23: 2020-06-12|38445|ABank
A24: 23 | B24: Oogbnslou | C24: Lezeeki | D24: Oogbnslou Lezeeki | E24: 1981-06-27 | F24: 39 | G24: 30-39 | H24: 5ed3d67b8723c11444c43283 | I24: 2020-06-13 | J24: 06:00:46 | K24: 6 | L24: 29627 | M24: Debit | N24: mobile | O24: GBank | P24: 2020-06-13|29627|GBank
A25: 24 | B25: Oujkn | C25: Aoiu Ulaleafdosmyoln | D25: Oujkn Aoiu Ulaleafdosmyoln | E25: 1989-12-29 | F25: 30 | G25: 30-39 | H25: 5ed3d67b8723c11444c43283 | I25: 2020-06-13 | J25: 16:10:51 | K25: 16 | L25: 27791 | M25: Debit | N25: web | O25: KBank | P25: 2020-06-13|27791|KBank
A26: 25 | B26: Aimuwy | C26: Measj | D26: Aimuwy Measj | E26: 1981-01-07 | F26: 39 | G26: 30-39 | H26: 5ed3d67b8723c11444c43283 | I26: 2020-06-13 | J26: 05:28:47 | K26: 5 | L26: 6192 | M26: Debit | N26: web | O26: QBank | P26: 2020-06-13|6192|QBank
A27: 26 | B27: Anygoeeldu | C27: Dllaamio | D27: Anygoeeldu Dllaamio | G27: Unknown | H27: 5ed3d67b8723c11444c43283 | I27: 2020-06-12 | J27: 20:22:38 | K27: 20 | L27: 38445 | M27: Debit | N27: mobile | O27: ABank | P27: 2020-06-12|38445|ABank
A28: 27 | B28: Uiwdo | C28: Audelb Mllooaialunof | D28: Uiwdo Audelb Mllooaialunof | G28: Unknown | H28: 5ed3d67b8723c11444c43283 | I28: 2020-06-13 | J28: 06:00:46 | K28: 6 | L28: 29627 | M28: Debit | N28: mobile | O28: GBank | P28: 2020-06-13|29627|GBank
A29: 28 | B29: Yaeikdno | C29: O Saederifaahbl | D29: Yaeikdno O Saederifaahbl | G29: Unknown | H29: 5ed3d67b8723c11444c43283 | I29: 2020-06-13 | J29: 16:10:51 | K29: 16 | L29: 27791 | M29: Debit | N29: web | O29: KBank | P29: 2020-06-13|27791|KBank
A30: 29 | B30: Joo | C30: Lexce | D30: Joo Lexce | E30: 1999-12-23 | F30: 20 | G30: Under 30 | H30: 5ed3d67b8723c11444c43283 | I30: 2020-06-13 | J30: 05:28:47 | K30: 5 | L30: 6192 | M30: Debit | N30: web | O30: QBank | P30: 2020-06-13|6192|QBank
A31: 30 | B31: Oyeewal | C31: Aimolewfu | D31: Oyeewal Aimolewfu | G31: Unknown | H31: 5ed3d67b8723c11444c43283 | I31: 2020-06-12 | J31: 20:22:38 | K31: 20 | L31: 38445 | M31: Debit | N31: mobile | O31: ABank | P31: 2020-06-12|38445|ABank
A32: 31 | B32: Kruehio | C32: Rni Oisaaubhbd | D32: Kruehio Rni Oisaaubhbd | G32: Unknown | H32: 5ed3d67b8723c11444c43283 | I32: 2020-06-13 | J32: 06:00:46 | K32: 6 | L32: 29627 | M32: Debit | N32: mobile | O32: GBank | P32: 2020-06-13|29627|GBank
A33: 32 | B33: Wounlraegob | C33: Urolmei | D33: Wounlraegob Urolmei | E33: 1979-09-27 | F33: 41 | G33: 40-49 | H33: 5ed3d67b8723c11444c43283 | I33: 2020-06-13 | J33: 16:10:51 | K33: 16 | L33: 27791 | M33: Debit | N33: web | O33: KBank | P33: 2020-06-13|27791|KBank
A34: 33 | B34: Ewneze | C34: Ibdhcmeu | D34: Ewneze Ibdhcmeu | G34: Unknown | H34: 5ed3d67b8723c11444c43283 | I34: 2020-06-13 | J34: 05:28:47 | K34: 5 | L34: 6192 | M34: Debit | N34: web | O34: QBank | P34: 2020-06-13|6192|QBank
A35: 34 | B35: Woknueo | C35: Oienalcr | D35: Woknueo Oienalcr | G35: Unknown | H35: 5ed3d67b8723c11444c43283 | I35: 2020-06-12 | J35: 20:22:38 | K35: 20 | L35: 38445 | M35: Debit | N35: mobile | O35: ABank | P35: 2020-06-12|38445|ABank
A36: 35 | B36: Bedriie | C36: Nsnkloyiaoa | D36: Bedriie Nsnkloyiaoa | G36: Unknown | H36: 5ed3d67b8723c11444c43283 | I36: 2020-06-13 | J36: 06:00:46 | K36: 6 | L36: 29627 | M36: Debit | N36: mobile | O36: GBank | P36: 2020-06-13|29627|GBank
A37: 36 | B37: Loeyowe | C37: Soqid | D37: Loeyowe Soqid | G37: Unknown | H37: 5ed3d67b8723c11444c43283 | I37: 2020-06-13 | J37: 16:10:51 | K37: 16 | L37: 27791 | M37: Debit | N37: web | O37: KBank | P37: 2020-06-13|27791|KBank
A38: 37 | B38: Auwngo | C38: Raenvcoi | D38: Auwngo Raenvcoi | G38: Unknown | H38: 5ed3d67b8723c11444c43283 | I38: 2020-06-13 | J38: 05:28:47 | K38: 5 | L38: 6192 | M38: Debit | N38: web | O38: QBank | P38: 2020-06-13|6192|QBank
A39: 38 | B39: Loognbosu | C39: Lsumea | D39: Loognbosu Lsumea | G39: Unknown | H39: 5ed3d67b8723c11444c43283 | I39: 2020-06-12 | J39: 20:22:38 | K39: 20 | L39: 38445 | M39: Debit | N39: mobile | O39: ABank | P39: 2020-06-12|38445|ABank
A40: 39 | B40: Eeciknh | C40: Uaanbeibdt | D40: Eeciknh Uaanbeibdt | G40: Unknown | H40: 5ed3d67b8723c11444c43283 | I40: 2020-06-13 | J40: 06:00:46 | K40: 6 | L40: 29627 | M40: Debit | N40: mobile | O40: GBank | P40: 2020-06-13|29627|GBank
A41: 40 | B41: Kownoeu | C41: Epainetc | D41: Kownoeu Epainetc | G41: Unknown | H41: 5ed3d67b8723c11444c43283 | I41: 2020-06-13 | J41: 16:10:51 | K41: 16 | L41: 27791 | M41: Debit | N41: web | O41: KBank | P41: 2020-06-13|27791|KBank
A42: 41 | B42: Pnduoige | C42: Nsenai | D42: Pnduoige Nsenai | G42: Unknown | H42: 5ed3d67b8723c11444c43283 | I42: 2020-06-13 | J42: 05:28:47 | K42: 5 | L42: 6192 | M42: Debit | N42: web | O42: QBank | P42: 2020-06-13|6192|QBank
A43: 42 | B43: Aalbfio | C43: Alwadee | D43: Aalbfio Alwadee | G43: Unknown | H43: 5ed3d67b8723c11444c43283 | I43: 2020-06-12 | J43: 20:22:38 | K43: 20 | L43: 38445 | M43: Debit | N43: mobile | O43: ABank | P43: 2020-06-12|38445|ABank
A44: 43 | B44: Ashi | C44: Nnea | D44: Ashi Nnea | E44: 1969-09-09 | F44: 51 | G44: 50+ | H44: 5ed3d67b8723c11444c43283 | I44: 2020-06-13 | J44: 06:00:46 | K44: 6 | L44: 29627 | M44: Debit | N44: mobile | O44: GBank | P44: 2020-06-13|29627|GBank
A45: 44 | B45: Tiadli | C45: Aoniaduoflml Lleoabu | D45: Tiadli Aoniaduoflml Lleoabu | E45: 1976-12-12 | F45: 44 | G45: 40-49 | H45: 5ed3d67b8723c11444c43283 | I45: 2020-06-13 | J45: 16:10:51 | K45: 16 | L45: 27791 | M45: Debit | N45: web | O45: KBank | P45: 2020-06-13|27791|KBank
A46: 45 | B46: Oabdelgas | C46: Nnae | D46: Oabdelgas Nnae | G46: Unknown | H46: 5ed3d67b8723c11444c43283 | I46: 2020-06-13 | J46: 05:28:47 | K46: 5 | L46: 6192 | M46: Debit | N46: web | O46: QBank | P46: 2020-06-13|6192|QBank
A47: 46 | B47: Khuckauwu | C47: Ablonle | D47: Khuckauwu Ablonle | E47: 1975-12-05 | F47: 45 | G47: 40-49 | H47: 5ed3d67b8723c11444c43283 | I47: 2020-06-12 | J47: 20:22:38 | K47: 20 | L47: 38445 | M47: Debit | N47: mobile | O47: ABank | P47: 2020-06-12|38445|ABank
A48: 47 | B48: Yleoeow | C48: Uwaan | D48: Yleoeow Uwaan | G48: Unknown | H48: 5ed3d67b8723c11444c43283 | I48: 2020-06-13 | J48: 06:00:46 | K48: 6 | L48: 29627 | M48: Debit | N48: mobile | O48: GBank | P48: 2020-06-13|29627|GBank
A49: 48 | B49: Dkmuaa | C49: Aibdri | D49: Dkmuaa Aibdri | E49: 1993-02-15 | F49: 27 | G49: Under 30 | H49: 5ed3d67b8723c11444c43283 | I49: 2020-06-13 | J49: 16:10:51 | K49: 16 | L49: 27791 | M49: Debit | N49: web | O49: KBank | P49: 2020-06-13|27791|KBank
A50: 49 | B50: Eonuwko | C50: Enians | D50: Eonuwko Enians | E50: 1988-05-08 | F50: 32 | G50: 30-39 | H50: 5ed3d67b8723c11444c43283 | I50: 2020-06-13 | J50: 05:28:47 | K50: 5 | L50: 6192 | M50: Debit | N50: web | O50: QBank | P50: 2020-06-13|6192|QBank
A51: 50 | B51: Doaeknuy | C51: Lmvahienos T | D51: Doaeknuy Lmvahienos T | E51: 1980-01-01 | F51: 40 | G51: 40-49 | H51: 5ed3d67b8723c11444c43283 | I51: 2020-06-12 | J51: 20:22:38 | K51: 20 | L51: 38445 | M51: Debit | N51: mobile | O51: ABank | P51: 2020-06-12|38445|ABank
A52: 51 | B52: Oiaeljd | C52: Uobwumanil | D52: Oiaeljd Uobwumanil | G52: Unknown | H52: 5ed3d67b8723c11444c43283 | I52: 2020-06-13 | J52: 06:00:46 | K52: 6 | L52: 29627 | M52: Debit | N52: mobile | O52: GBank | P52: 2020-06-13|29627|GBank
A53: 52 | B53: Ifnymoaul | C53: Ojy | D53: Ifnymoaul Ojy | G53: Unknown | H53: 5ed3d67b8723c11444c43283 | I53: 2020-06-13 | J53: 16:10:51 | K53: 16 | L53: 27791 | M53: Debit | N53: web | O53: KBank | P53: 2020-06-13|27791|KBank
A54: 53 | B54: Whienaagg | C54: Rdiso | D54: Whienaagg Rdiso | E54: 2000-12-04 | F54: 20 | G54: Under 30 | H54: 5ed3d67b8723c11444c43283 | I54: 2020-06-13 | J54: 05:28:47 | K54: 5 | L54: 6192 | M54: Debit | N54: web | O54: QBank | P54: 2020-06-13|6192|QBank
A55: 54 | B55: Diouw | C55: Daopoal | D55: Diouw Daopoal | E55: 1988-10-10 | F55: 32 | G55: 30-39 | H55: 5ed3d67b8723c11444c43283 | I55: 2020-06-12 | J55: 20:22:38 | K55: 20 | L55: 38445 | M55: Debit | N55: mobile | O55: ABank | P55: 2020-06-12|38445|ABank
A56: 55 | B56: Iltaaonk | C56: Aedfiobrlea Ash | D56: Iltaaonk Aedfiobrlea Ash | G56: Unknown | H56: 5ed3d67b8723c11444c43283 | I56: 2020-06-13 | J56: 06:00:46 | K56: 6 | L56: 29627 | M56: Debit | N56: mobile | O56: GBank | P56: 2020-06-13|29627|GBank
A57: 56 | B57: Khoceow | C57: Mlduioe | D57: Khoceow Mlduioe | G57: Unknown | H57: 5ed3d67b8723c11444c43283 | I57: 2020-06-13 | J57: 16:10:51 | K57: 16 | L57: 27791 | M57: Debit | N57: web | O57: KBank | P57: 2020-06-13|27791|KBank
A58: 57 | B58: Wreca | C58: Onmuauwbil | D58: Wreca Onmuauwbil | E58: 1994-09-09 | F58: 26 | G58: Under 30 | H58: 5ed3d67b8723c11444c43283 | I58: 2020-06-13 | J58: 05:28:47 | K58: 5 | L58: 6192 | M58: Debit | N58: web | O58: QBank | P58: 2020-06-13|6192|QBank
A59: 58 | B59: Adeeely | C59: Isnaen | D59: Adeeely Isnaen | G59: Unknown | H59: 5ed3d67b8723c11444c43283 | I59: 2020-06-12 | J59: 20:22:38 | K59: 20 | L59: 38445 | M59: Debit | N59: mobile | O59: ABank | P59: 2020-06-12|38445|ABank
A60: 59 | B60: Osuudom | C60: Umeokj | D60: Osuudom Umeokj | G60: Unknown | H60: 5ed3d67b8723c11444c43283 | I60: 2020-06-13 | J60: 06:00:46 | K60: 6 | L60: 29627 | M60: Debit | N60: mobile | O60: GBank | P60: 2020-06-13|29627|GBank
A61: 60 | B61: Ssmaon | C61: Inasen | D61: Ssmaon Inasen | G61: Unknown | H61: 5ed3d67b8723c11444c43283 | I61: 2020-06-13 | J61: 16:10:51 | K61: 16 | L61: 27791 | M61: Debit | N61: web | O61: KBank | P61: 2020-06-13|27791|KBank
A62: 61 | B62: Uwoltboai | C62: O Afsloeumidoluyalna | D62: Uwoltboai O Afsloeumidoluyalna | G62: Unknown | H62: 5ed3d67b8723c11444c43283 | I62: 2020-06-13 | J62: 05:28:47 | K62: 5 | L62: 6192 | M62: Debit | N62: web | O62: QBank | P62: 2020-06-13|6192|QBank
A63: 62 | B63: Khowe Ouwnoo | C63: Aeuwolfim | D63: Khowe Ouwnoo Aeuwolfim | G63: Unknown | H63: 5ed3d67b8723c11444c43283 | I63: 2020-06-12 | J63: 20:22:38 | K63: 20 | L63: 38445 | M63: Debit | N63: mobile | O63: ABank | P63: 2020-06-12|38445|ABank
A64: 63 | B64: Wooedal | C64: Onlshe Taivm | D64: Wooedal Onlshe Taivm | G64: Unknown | H64: 5ed3d67b8723c11444c43283 | I64: 2020-06-13 | J64: 06:00:46 | K64: 6 | L64: 29627 | M64: Debit | N64: mobile | O64: GBank | P64: 2020-06-13|29627|GBank
A65: 64 | B65: Nuainb | C65: Gzihicoe | D65: Nuainb Gzihicoe | G65: Unknown | H65: 5ed3d67b8723c11444c43283 | I65: 2020-06-13 | J65: 16:10:51 | K65: 16 | L65: 27791 | M65: Debit | N65: web | O65: KBank | P65: 2020-06-13|27791|KBank
A66: 65 | B66: Wuamdeangu | C66: Niaesn | D66: Wuamdeangu Niaesn | E66: 1992-01-01 | F66: 28 | G66: Under 30 | H66: 5ed3d67b8723c11444c43283 | I66: 2020-06-13 | J66: 05:28:47 | K66: 5 | L66: 6192 | M66: Debit | N66: web | O66: QBank | P66: 2020-06-13|6192|QBank
A67: 66 | B67: Ayonnht | C67: Imef | D67: Ayonnht Imef | E67: 1991-07-10 | F67: 29 | G67: Under 30 | H67: 5ed3d67b8723c11444c43283 | I67: 2020-06-12 | J67: 20:22:38 | K67: 20 | L67: 38445 | M67: Debit | N67: mobile | O67: ABank | P67: 2020-06-12|38445|ABank
A68: 67 | B68: Oweyole | C68: Ihancza | D68: Oweyole Ihancza | E68: 1989-03-17 | F68: 31 | G68: 30-39 | H68: 5ed3d67b8723c11444c43283 | I68: 2020-06-13 | J68: 06:00:46 | K68: 6 | L68: 29627 | M68: Debit | N68: mobile | O68: GBank | P68: 2020-06-13|29627|GBank
A69: 68 | B69: Itladi | C69: Akdyaine | D69: Itladi Akdyaine | G69: Unknown | H69: 5ed3d67b8723c11444c43283 | I69: 2020-06-13 | J69: 16:10:51 | K69: 16 | L69: 27791 | M69: Debit | N69: web | O69: KBank | P69: 2020-06-13|27791|KBank
A70: 69 | B70: Oejdail | C70: Ranedoke | D70: Oejdail Ranedoke | G70: Unknown | H70: 5ed3d67b8723c11444c43283 | I70: 2020-06-13 | J70: 05:28:47 | K70: 5 | L70: 6192 | M70: Debit | N70: web | O70: QBank | P70: 2020-06-13|6192|QBank
A71: 70 | B71: Dolyaee | C71: Niedkhe | D71: Dolyaee Niedkhe | G71: Unknown | H71: 5ed3d67b8723c11444c43283 | I71: 2020-06-12 | J71: 20:22:38 | K71: 20 | L71: 38445 | M71: Debit | N71: mobile | O71: ABank | P71: 2020-06-12|38445|ABank
A72: 71 | B72: Moaaulowy | C72: Eyiaydo | D72: Moaaulowy Eyiaydo | G72: Unknown | H72: 5ed3d67b8723c11444c43283 | I72: 2020-06-13 | J72: 06:00:46 | K72: 6 | L72: 29627 | M72: Debit | N72: mobile | O72: GBank | P72: 2020-06-13|29627|GBank
A73: 72 | B73: Nsuwo | C73: Ennais | D73: Nsuwo Ennais | G73: Unknown | H73: 5ed3d67b8723c11444c43283 | I73: 2020-06-13 | J73: 16:10:51 | K73: 16 | L73: 27791 | M73: Debit | N73: web | O73: KBank | P73: 2020-06-13|27791|KBank
A74: 73 | B74: Aayed | C74: Moojlkeua | D74: Aayed Moojlkeua | G74: Unknown | H74: 5ed3d67b8723c11444c43283 | I74: 2020-06-13 | J74: 05:28:47 | K74: 5 | L74: 6192 | M74: Debit | N74: web | O74: QBank | P74: 2020-06-13|6192|QBank
A75: 74 | B75: Nijati | C75: Bfl Ehoiaseaard | D75: Nijati Bfl Ehoiaseaard | E75: 1992-03-31 | F75: 28 | G75: Under 30 | H75: 5ed3d67b8723c11444c43283 | I75: 2020-06-12 | J75: 20:22:38 | K75: 20 | L75: 38445 | M75: Debit | N75: mobile | O75: ABank | P75: 2020-06-12|38445|ABank
A76: 75 | B76: Ooork | C76: Aignayt | D76: Ooork Aignayt | G76: Unknown | H76: 5ed3d67b8723c11444c43283 | I76: 2020-06-13 | J76: 06:00:46 | K76: 6 | L76: 29627 | M76: Debit | N76: mobile | O76: GBank | P76: 2020-06-13|29627|GBank
A77: 76 | B77: Najuulgo | C77: Emit Mnaaewun | D77: Najuulgo Emit Mnaaewun | G77: Unknown | H77: 5ed3d67b8723c11444c43283 | I77: 2020-06-13 | J77: 16:10:51 | K77: 16 | L77: 27791 | M77: Debit | N77: web | O77: KBank | P77: 2020-06-13|27791|KBank
A78: 77 | B78: Aeayd | C78: Cunainh | D78: Aeayd Cunainh | G78: Unknown | H78: 5ed3d67b8723c11444c43283 | I78: 2020-06-13 | J78: 05:28:47 | K78: 5 | L78: 6192 | M78: Debit | N78: web | O78: QBank | P78: 2020-06-13|6192|QBank
A79: 78 | B79: Uasdyn | C79: Dknehei | D79: Uasdyn Dknehei | G79: Unknown | H79: 5ed3d67b8723c11444c43283 | I79: 2020-06-12 | J79: 20:22:38 | K79: 20 | L79: 38445 | M79: Debit | N79: mobile | O79: ABank | P79: 2020-06-12|38445|ABank
A80: 79 | B80: Ainnbu | C80: Waele | D80: Ainnbu Waele | E80: 1991-07-10 | F80: 29 | G80: Under 30 | H80: 5ed3d67b8723c11444c43283 | I80: 2020-06-13 | J80: 06:00:46 | K80: 6 | L80: 29627 | M80: Debit | N80: mobile | O80: GBank | P80: 2020-06-13|29627|GBank
A81: 80 | B81: Okoeri | C81: Pneoiejsh | D81: Okoeri Pneoiejsh | E81: 1999-12-16 | F81: 20 | G81: Under 30 | H81: 5ed3d67b8723c11444c43283 | I81: 2020-06-13 | J81: 16:10:51 | K81: 16 | L81: 27791 | M81: Debit | N81: web | O81: KBank | P81: 2020-06-13|27791|KBank
A82: 81 | B82: Sebaneid | C82: Eiatzbelh | D82: Sebaneid Eiatzbelh | G82: Unknown | H82: 5ed3d67b8723c11444c43283 | I82: 2020-06-13 | J82: 05:28:47 | K82: 5 | L82: 6192 | M82: Debit | N82: web | O82: QBank | P82: 2020-06-13|6192|QBank
A83: 82 | B83: Uhowkewnoo O | C83: Shujao | D83: Uhowkewnoo O Shujao | G83: Unknown | H83: 5ed3d67b8723c11444c43283 | I83: 2020-06-12 | J83: 20:22:38 | K83: 20 | L83: 38445 | M83: Debit | N83: mobile | O83: ABank | P83: 2020-06-12|38445|ABank
A84: 83 | B84: Zoewuaeku | C84: Hazeef | D84: Zoewuaeku Hazeef | E84: 2000-06-13 | F84: 20 | G84: Under 30 | H84: 5ed3d67b8723c11444c43283 | I84: 2020-06-13 | J84: 06:00:46 | K84: 6 | L84: 29627 | M84: Debit | N84: mobile | O84: GBank | P84: 2020-06-13|29627|GBank
A85: 84 | B85: Ohil | C85: Nlbeola | D85: Ohil Nlbeola | E85: 1967-08-24 | F85: 53 | G85: 50+ | H85: 5ed3d67b8723c11444c43283 | I85: 2020-06-13 | J85: 16:10:51 | K85: 16 | L85: 27791 | M85: Debit | N85: web | O85: KBank | P85: 2020-06-13|27791|KBank
A86: 85 | B86: Eroboaulnwg | C86: Ouneusalw | D86: Eroboaulnwg Ouneusalw | E86: 1989-05-21 | F86: 31 | G86: 30-39 | H86: 5ed3d67b8723c11444c43283 | I86: 2020-06-13 | J86: 05:28:47 | K86: 5 | L86: 6192 | M86: Debit | N86: web | O86: QBank | P86: 2020-06-13|6192|QBank
A87: 86 | B87: Luzu | C87: Heinekd | D87: Luzu Heinekd | E87: 1993-12-23 | F87: 26 | G87: Under 30 | H87: 5ed3d67b8723c11444c43283 | I87: 2020-06-12 | J87: 20:22:38 | K87: 20 | L87: 38445 | M87: Debit | N87: mobile | O87: ABank | P87: 2020-06-12|38445|ABank
A88: 87 | B88: Ayuwnan | C88: Epert | D88: Ayuwnan Epert | E88: 1992-12-24 | F88: 27 | G88: Under 30 | H88: 5ed3d67b8723c11444c43283 | I88: 2020-06-13 | J88: 06:00:46 | K88: 6 | L88: 29627 | M88: Debit | N88: mobile | O88: GBank | P88: 2020-06-13|29627|GBank
A89: 88 | B89: Yaeimed | C89: Ygtanai | D89: Yaeimed Ygtanai | G89: Unknown | H89: 5ed3d67b8723c11444c43283 | I89: 2020-06-13 | J89: 16:10:51 | K89: 16 | L89: 27791 | M89: Debit | N89: web | O89: KBank | P89: 2020-06-13|27791|KBank
A90: 89 | B90: Onewogbalur | C90: Khkeuwaceum | D90: Onewogbalur Khkeuwaceum | G90: Unknown | H90: 5ed3d67b8723c11444c43283 | I90: 2020-06-13 | J90: 05:28:47 | K90: 5 | L90: 6192 | M90: Debit | N90: web | O90: QBank | P90: 2020-06-13|6192|QBank
A91: 90 | B91: Siunl | C91: Iaabi Lnewoodl | D91: Siunl Iaabi Lnewoodl | G91: Unknown | H91: 5ed3d67b8723c11444c43283 | I91: 2020-06-12 | J91: 20:22:38 | K91: 20 | L91: 38445 | M91: Debit | N91: mobile | O91: ABank | P91: 2020-06-12|38445|ABank
A92: 91 | B92: Nleurogobaw | C92: Eshrcla | D92: Nleurogobaw Eshrcla | G92: Unknown | H92: 5ed3d67b8723c11444c43283 | I92: 2020-06-13 | J92: 06:00:46 | K92: 6 | L92: 29627 | M92: Debit | N92: mobile | O92: GBank | P92: 2020-06-13|29627|GBank
A93: 92 | B93: Uomshra | C93: Ncivivnmia Hida | D93: Uomshra Ncivivnmia Hida | E93: 1980-01-01 | F93: 40 | G93: 40-49 | H93: 5ed3d67b8723c11444c43283 | I93: 2020-06-13 | J93: 16:10:51 | K93: 16 | L93: 27791 | M93: Debit | N93: web | O93: KBank | P93: 2020-06-13|27791|KBank
A94: 93 | B94: Arokpa | C94: Lamunse | D94: Arokpa Lamunse | E94: 1976-12-12 | F94: 44 | G94: 40-49 | H94: 5ed3d67b8723c11444c43283 | I94: 2020-06-13 | J94: 05:28:47 | K94: 5 | L94: 6192 | M94: Debit | N94: web | O94: QBank | P94: 2020-06-13|6192|QBank
A95: 94 | B95: Hmaciaar | C95: Chogizie | D95: Hmaciaar Chogizie | E95: 1989-01-01 | F95: 31 | G95: 30-39 | H95: 5ed3d67b8723c11444c43283 | I95: 2020-06-12 | J95: 20:22:38 | K95: 20 | L95: 38445 | M95: Debit | N95: mobile | O95: ABank | P95: 2020-06-12|38445|ABank
A96: 95 | B96: Unils | C96: Ahuran | D96: Unils Ahuran | G96: Unknown | H96: 5ed3d67b8723c11444c43283 | I96: 2020-06-13 | J96: 06:00:46 | K96: 6 | L96: 29627 | M96: Debit | N96: mobile | O96: GBank | P96: 2020-06-13|29627|GBank
A97: 96 | B97: Ladeeye | C97: Peeaj | D97: Ladeeye Peeaj | E97: 1980-08-31 | F97: 40 | G97: 40-49 | H97: 5ed3d67b8723c11444c43283 | I97: 2020-06-13 | J97: 16:10:51 | K97: 16 | L97: 27791 | M97: Debit | N97: web | O97: KBank | P97: 2020-06-13|27791|KBank
A98: 97 | B98: Weblaaab | C98: Haizboc | D98: Weblaaab Haizboc | G98: Unknown | H98: 5ed3d67b8723c11444c43283 | I98: 2020-06-13 | J98: 05:28:47 | K98: 5 | L98: 6192 | M98: Debit | N98: web | O98: QBank | P98: 2020-06-13|6192|QBank
A99: 98 | B99: Aogmy-Ohlneor | C99: Sjohpiene | D99: Aogmy-Ohlneor Sjohpiene | G99: Unknown | H99: 5ed3d67b8723c11444c43283 | I99: 2020-06-12 | J99: 20:22:38 | K99: 20 | L99: 38445 | M99: Debit | N99: mobile | O99: ABank | P99: 2020-06-12|38445|ABank
A100: 99 | B100: Diital | C100: Etts | D100: Diital Etts | E100: 1993-09-06 | F100: 27 | G100: Under 30 | H100: 5ed3d67b8723c11444c43283 | I100: 2020-06-13 | J100: 06:00:46 | K100: 6 | L100: 29627 | M100: Debit | N100: mobile | O100: GBank | P100: 2020-06-13|29627|GBank
...

Sheet Data Quality Log
A1: Data Quality Issues Found & Resolved
A2: Field | B2: Issue Found | C2: Rows Affected | D2: Action Taken
A3: first_name | B3: All values lower-case, no capitalisation | C3: 127 | D3: Trimmed whitespace, applied Title Case
A4: last_name | B4: All values lower-case, no capitalisation | C4: 127 | D4: Trimmed whitespace, applied Title Case
A5: tx_id | B5: Only 1 distinct value across all 127 rows - not a usable key | C5: 127 | D5: Retained as source_tx_id; added surrogate record_id 1..n
A6: tx_date | B6: ISO-8601 string with microseconds and Z suffix | C6: 127 | D6: Parsed to UTC datetime; split into tx_date / tx_time / tx_hour
A7: tx_amount | B7: 4 distinct amounts only; stored inside nested text | C7: 127 | D7: Extracted to numeric integer column
A8: tx_mode | B8: Zero variance - every row is 'Debit' | C8: 127 | D8: Kept but flagged: carries no analytical information
A9: dob | B9: Wrapped in a single-element list | C9: 127 | D9: Unwrapped to a scalar value
A10: dob | B10: Placeholder string 'n/a' used instead of a null | C10: 82 | D10: Converted to true NULL (missing, not imputed)
A11: age | B11: Not present in source | C11: 127 | D11: Derived from dob vs transaction date; NULL where dob missing
A12: transaction (whole payload) | B12: Only 4 unique date/amount/bank combinations repeated across 127 rows | C12: 123 | D12: Flagged. 4 distinct transactions identified; duplicates NOT deleted (each row has a unique customer)
A13: whole row | B13: Exact duplicate customer+transaction rows | C13: 0 | D13: None found - every row is a distinct customer
A15: Note: Rows shaded orange affect more than 50 records. Missing DOB values were left NULL rather than imputed, so any age-based figure below covers only the 45 records that have one.

Sheet Summary
A1: Summary Statistics
A3: Record counts
A4: Total records | B4: =COUNTA('Cleaned Data'!A2:A128) -> 127
A5: Distinct customers | B5: {=SUMPRODUCT(('Cleaned Data'!D2:D128<>"")/COUNTIF('Cleaned Data'!D2:D128,'Cleaned Data'!D2:D128&""))} -> 127
A6: Distinct transactions | B6: {=SUMPRODUCT(('Cleaned Data'!P2:P128<>"")/COUNTIF('Cleaned Data'!P2:P128,'Cleaned Data'!P2:P128&""))} -> 4
A7: Duplication rate (rows vs distinct tx) | B7: =1-B6/B4 -> 0.96850394
A9: Completeness
A10: Records with a DOB | B10: =COUNT('Cleaned Data'!F2:F128) -> 45
A11: Records missing a DOB | B11: =B4-B10 -> 82
A12: DOB completeness | B12: =B10/B4 -> 0.35433071
A14: Transaction values (as recorded, duplicates included)
A15: Sum of Tx Amount | B15: =SUM('Cleaned Data'!L2:L128) -> 3237969
A16: Average Tx Amount | B16: =AVERAGE('Cleaned Data'!L2:L128) -> 25495.819
A17: Minimum Tx Amount | B17: =MIN('Cleaned Data'!L2:L128) -> 6192
A18: Maximum Tx Amount | B18: =MAX('Cleaned Data'!L2:L128) -> 38445
A20: Channel Split
A21: Web records | B21: =COUNTIF('Cleaned Data'!N2:N128,"web") -> 63
A22: Mobile records | B22: =COUNTIF('Cleaned Data'!N2:N128,"mobile") -> 64
A23: Web value | B23: =SUMIF('Cleaned Data'!N2:N128,"web",'Cleaned Data'!L2:L128) -> 1059665
A24: Mobile value | B24: =SUMIF('Cleaned Data'!N2:N128,"mobile",'Cleaned Data'!L2:L128) -> 2178304
A26: Age (45 records with a DOB only)
A27: Average age | B27: =AVERAGE('Cleaned Data'!F2:F128) -> 33.2
A28: Youngest | B28: =MIN('Cleaned Data'!F2:F128) -> 20
A29: Oldest | B29: =MAX('Cleaned Data'!F2:F128) -> 53
A31: By bank
A32: Bank | B32: Records | C32: Value
A33: ABank | B33: =COUNTIF('Cleaned Data'!O2:O128,A33) -> 32 | C33: =SUMIF('Cleaned Data'!O2:O128,A33,'Cleaned Data'!L2:L128) -> 1230240
A34: GBank | B34: =COUNTIF('Cleaned Data'!O2:O128,A34) -> 32 | C34: =SUMIF('Cleaned Data'!O2:O128,A34,'Cleaned Data'!L2:L128) -> 948064
A35: KBank | B35: =COUNTIF('Cleaned Data'!O2:O128,A35) -> 31 | C35: =SUMIF('Cleaned Data'!O2:O128,A35,'Cleaned Data'!L2:L128) -> 861521
A36: QBank | B36: =COUNTIF('Cleaned Data'!O2:O128,A36) -> 32 | C36: =SUMIF('Cleaned Data'!O2:O128,A36,'Cleaned Data'!L2:L128) -> 198144

Sheet Dashboard
A1: Transaction Dashboard
A2: Total records | C2: Distinct transactions | E2: Total value | G2: Average value | I2: DOB completeness
A3: =COUNTA('Cleaned Data'!A2:A128) -> 127 | C3: {=SUMPRODUCT(('Cleaned Data'!P2:P128<>"")/COUNTIF('Cleaned Data'!P2:P128,'Cleaned Data'!P2:P128&""))} -> 4 | E3: =SUM('Cleaned Data'!L2:L128) -> 3237969 | G3: =AVERAGE('Cleaned Data'!L2:L128) -> 25495.819 | I3: =COUNT('Cleaned Data'!F2:F128)/COUNTA('Cleaned Data'!A2:A128) -> 0.35433071
K5: Bank | L5: Records | M5: Value | O5: Tx Hour | P5: Records | Q5: Hour (num)
K6: ABank | L6: =COUNTIF('Cleaned Data'!$O$2:$O$128,$K6) -> 32 | M6: =SUMIF('Cleaned Data'!$O$2:$O$128,$K6,'Cleaned Data'!$L$2:$L$128) -> 1230240 | O6: =TEXT($Q6,"00")&":00" -> 05:00 | P6: =COUNTIF('Cleaned Data'!$K$2:$K$128,$Q6) -> 32 | Q6: 5
K7: GBank | L7: =COUNTIF('Cleaned Data'!$O$2:$O$128,$K7) -> 32 | M7: =SUMIF('Cleaned Data'!$O$2:$O$128,$K7,'Cleaned Data'!$L$2:$L$128) -> 948064 | O7: =TEXT($Q7,"00")&":00" -> 06:00 | P7: =COUNTIF('Cleaned Data'!$K$2:$K$128,$Q7) -> 32 | Q7: =Q6+1 -> 6
K8: KBank | L8: =COUNTIF('Cleaned Data'!$O$2:$O$128,$K8) -> 31 | M8: =SUMIF('Cleaned Data'!$O$2:$O$128,$K8,'Cleaned Data'!$L$2:$L$128) -> 861521 | O8: =TEXT($Q8,"00")&":00" -> 07:00 | P8: =COUNTIF('Cleaned Data'!$K$2:$K$128,$Q8) -> 0 | Q8: =Q7+1 -> 7
K9: QBank | L9: =COUNTIF('Cleaned Data'!$O$2:$O$128,$K9) -> 32 | M9: =SUMIF('Cleaned Data'!$O$2:$O$128,$K9,'Cleaned Data'!$L$2:$L$128) -> 198144 | O9: =TEXT($Q9,"00")&":00" -> 08:00 | P9: =COUNTIF('Cleaned Data'!$K$2:$K$128,$Q9) -> 0 | Q9: =Q8+1 -> 8
O10: =TEXT($Q10,"00")&":00" -> 09:00 | P10: =COUNTIF('Cleaned Data'!$K$2:$K$128,$Q10) -> 0 | Q10: =Q9+1 -> 9
K11: Channel | L11: Value | M11: Records | O11: =TEXT($Q11,"00")&":00" -> 10:00 | P11: =COUNTIF('Cleaned Data'!$K$2:$K$128,$Q11) -> 0 | Q11: =Q10+1 -> 10
K12: web | L12: =SUMIF('Cleaned Data'!$N$2:$N$128,$K12,'Cleaned Data'!$L$2:$L$128) -> 1059665 | M12: =COUNTIF('Cleaned Data'!$N$2:$N$128,$K12) -> 63 | O12: =TEXT($Q12,"00")&":00" -> 11:00 | P12: =COUNTIF('Cleaned Data'!$K$2:$K$128,$Q12) -> 0 | Q12: =Q11+1 -> 11
K13: mobile | L13: =SUMIF('Cleaned Data'!$N$2:$N$128,$K13,'Cleaned Data'!$L$2:$L$128) -> 2178304 | M13: =COUNTIF('Cleaned Data'!$N$2:$N$128,$K13) -> 64 | O13: =TEXT($Q13,"00")&":00" -> 12:00 | P13: =COUNTIF('Cleaned Data'!$K$2:$K$128,$Q13) -> 0 | Q13: =Q12+1 -> 12
O14: =TEXT($Q14,"00")&":00" -> 13:00 | P14: =COUNTIF('Cleaned Data'!$K$2:$K$128,$Q14) -> 0 | Q14: =Q13+1 -> 13
K15: Age Band | L15: Records | O15: =TEXT($Q15,"00")&":00" -> 14:00 | P15: =COUNTIF('Cleaned Data'!$K$2:$K$128,$Q15) -> 0 | Q15: =Q14+1 -> 14
K16: Under 30 | L16: =COUNTIF('Cleaned Data'!$G$2:$G$128,$K16) -> 19 | O16: =TEXT($Q16,"00")&":00" -> 15:00 | P16: =COUNTIF('Cleaned Data'!$K$2:$K$128,$Q16) -> 0 | Q16: =Q15+1 -> 15
K17: 30-39 | L17: =COUNTIF('Cleaned Data'!$G$2:$G$128,$K17) -> 12 | O17: =TEXT($Q17,"00")&":00" -> 16:00 | P17: =COUNTIF('Cleaned Data'!$K$2:$K$128,$Q17) -> 31 | Q17: =Q16+1 -> 16
K18: 40-49 | L18: =COUNTIF('Cleaned Data'!$G$2:$G$128,$K18) -> 12 | O18: =TEXT($Q18,"00")&":00" -> 17:00 | P18: =COUNTIF('Cleaned Data'!$K$2:$K$128,$Q18) -> 0 | Q18: =Q17+1 -> 17
K19: 50+ | L19: =COUNTIF('Cleaned Data'!$G$2:$G$128,$K19) -> 2 | O19: =TEXT($Q19,"00")&":00" -> 18:00 | P19: =COUNTIF('Cleaned Data'!$K$2:$K$128,$Q19) -> 0 | Q19: =Q18+1 -> 18
K20: Unknown | L20: =COUNTIF('Cleaned Data'!$G$2:$G$128,$K20) -> 82 | O20: =TEXT($Q20,"00")&":00" -> 19:00 | P20: =COUNTIF('Cleaned Data'!$K$2:$K$128,$Q20) -> 0 | Q20: =Q19+1 -> 19
O21: =TEXT($Q21,"00")&":00" -> 20:00 | P21: =COUNTIF('Cleaned Data'!$K$2:$K$128,$Q21) -> 32 | Q21: =Q20+1 -> 20
